as_of_ts,game_id,game_date,home_team,away_team,home_runs_pred,away_runs_pred,total_runs_pred,run_diff_pred,p_home_win_poisson,p_home_model,home_runs_actual,away_runs_actual,home_win_actual,p_home_win_pred,total_runs_actual,home_win_actual_int,predicted_home_win
2026-03-19 18:30:09.864858+00:00,744838,2024-07-02,Washington Nationals,New York Mets,4.07157845904423,3.9611453011208693,8.0327237601651,0.11043315792336061,0.4437795117673693,0.4437795117673693,2,7,False,0.4437795117673693,9,0,0
2026-03-19 18:30:09.864858+00:00,746537,2024-07-02,Colorado Rockies,Milwaukee Brewers,4.152789245066544,3.9654695177480774,8.118258762814621,0.1873197273184668,0.45476843797734945,0.45476843797734945,3,4,False,0.45476843797734945,7,0,0
2026-03-19 18:30:12.744584+00:00,744834,2024-07-04,Washington Nationals,New York Mets,3.7433669368835645,3.6112572449702993,7.354624181853864,0.13210969191326516,0.4442542498656721,0.4442542498656721,1,0,True,0.4442542498656721,1,1,0
2026-03-19 18:30:14.192371+00:00,746693,2024-07-05,Cincinnati Reds,Detroit Tigers,5.89883741426795,5.661644094915816,11.560481509183766,0.2371933193521336,0.4683068389139857,0.4683068389139857,4,5,False,0.4683068389139857,9,0,0
2026-03-19 18:30:14.192371+00:00,746859,2024-07-05,Chicago Cubs,Los Angeles Angels,4.81390538203506,4.795560599349547,9.609465981384606,0.01834478268551276,0.43709083885597266,0.43709083885597266,5,1,True,0.43709083885597266,6,1,0
2026-03-19 18:30:15.633603+00:00,744995,2024-07-06,Texas Rangers,Tampa Bay Rays,5.124211351310125,4.734064492581964,9.858275843892088,0.39014685872816113,0.48489966159117404,0.48489966159117404,4,3,True,0.48489966159117404,7,1,0
2026-03-19 18:30:15.633603+00:00,745642,2024-07-06,Athletics,Baltimore Orioles,2.966232230655044,2.849430654624865,5.8156628852799095,0.11680157603017927,0.4342671879869745,0.4342671879869745,19,8,True,0.4342671879869745,27,1,0
2026-03-19 18:30:17.095294+00:00,744832,2024-07-07,Washington Nationals,St. Louis Cardinals,5.282078858644024,5.054580997288551,10.336659855932574,0.22749786135547279,0.46517082632360296,0.46517082632360296,3,8,False,0.46517082632360296,11,0,0
2026-03-19 18:30:17.095294+00:00,745391,2024-07-07,San Diego Padres,Arizona Diamondbacks,3.0579646818083335,2.9563090286882003,6.014273710496534,0.10165565312013314,0.43301758318147987,0.43301758318147987,1,9,False,0.43301758318147987,10,0,0
2026-03-19 18:30:17.095294+00:00,746855,2024-07-07,Chicago Cubs,Los Angeles Angels,4.535736709713478,4.472000317201707,9.007737026915185,0.0637363925117711,0.44091578004635235,0.44091578004635235,5,0,True,0.44091578004635235,5,1,0
2026-03-19 18:30:19.969518+00:00,745557,2024-07-09,Philadelphia Phillies,Los Angeles Dodgers,4.792778872684133,4.426821581384976,9.21960045406911,0.3659572912991571,0.48112285274729394,0.48112285274729394,10,1,True,0.48112285274729394,11,1,0
2026-03-19 18:30:19.969518+00:00,745968,2024-07-09,Milwaukee Brewers,Pittsburgh Pirates,3.825225914113788,3.4486339837175315,7.273859897831319,0.3765919303962564,0.47989864507232505,0.47989864507232505,2,12,False,0.47989864507232505,14,0,0
2026-03-19 18:30:21.401943+00:00,746366,2024-07-10,Houston Astros,Miami Marlins,4.259787011311141,3.851575867769159,8.1113628790803,0.4082111435419815,0.4855854337068317,0.4855854337068317,9,1,True,0.4855854337068317,10,1,0
2026-03-19 18:30:21.401943+00:00,746934,2024-07-10,Boston Red Sox,Athletics,4.183564424527741,3.7193376990728764,7.902902123600617,0.4642267254548642,0.4932954119200139,0.4932954119200139,2,5,False,0.4932954119200139,7,0,0
2026-03-19 18:30:22.893964+00:00,746935,2024-07-11,Boston Red Sox,Athletics,4.321510728098798,3.8295154384441608,8.151026166542959,0.49199528965463735,0.49733089886479365,0.49733089886479365,7,0,True,0.49733089886479365,7,1,0
2026-03-19 18:30:24.309660+00:00,745800,2024-07-12,New York Mets,Colorado Rockies,3.1711399698498224,3.0183289734894965,6.189468943339319,0.1528109963603259,0.44214216368879833,0.44214216368879833,7,6,True,0.44214216368879833,13,1,0
2026-03-19 18:30:24.309660+00:00,746450,2024-07-12,Detroit Tigers,Los Angeles Dodgers,4.592083250449713,4.489971184155309,9.082054434605023,0.10211206629440372,0.44619668718861794,0.44619668718861794,3,4,False,0.44619668718861794,7,0,0
2026-03-19 18:30:24.309660+00:00,747175,2024-07-12,Arizona Diamondbacks,Toronto Blue Jays,4.024495954900788,3.8124625739578843,7.836958528858672,0.21203338094290336,0.45740529930840257,0.45740529930840257,5,4,True,0.45740529930840257,9,1,0
2026-03-19 18:30:25.756108+00:00,745798,2024-07-13,New York Mets,Colorado Rockies,3.117066437647392,2.8577021974319776,5.97476863507937,0.2593642402154144,0.4582630204475284,0.4582630204475284,7,3,True,0.4582630204475284,10,1,0
2026-03-19 18:30:25.756108+00:00,745963,2024-07-13,Milwaukee Brewers,Washington Nationals,4.636310044498267,4.190988672021479,8.827298716519746,0.44532137247678794,0.4912932984462599,0.4912932984462599,5,6,False,0.4912932984462599,11,0,0
2026-03-19 18:30:25.756108+00:00,746202,2024-07-13,Los Angeles Angels,Seattle Mariners,4.443569329976032,3.9957832910378674,8.4393526210139,0.44778603893816493,0.49136402369182963,0.49136402369182963,2,1,True,0.49136402369182963,3,1,0
2026-03-19 18:30:25.756108+00:00,746930,2024-07-13,Boston Red Sox,Kansas City Royals,4.841851290623747,4.388204305519396,9.230055596143144,0.453646985104351,0.492641044724037,0.492641044724037,5,0,True,0.492641044724037,5,1,0
2026-03-19 18:30:27.164800+00:00,745551,2024-07-14,Philadelphia Phillies,Athletics,5.403416512416161,5.049953406443053,10.453369918859213,0.35346310597310815,0.4808814999182449,0.4808814999182449,3,18,False,0.4808814999182449,21,0,0
2026-03-19 18:30:27.164800+00:00,745797,2024-07-14,New York Mets,Colorado Rockies,3.675796006693968,3.3127956103426253,6.988591617036594,0.36300039635134285,0.4773600908801967,0.4773600908801967,5,8,False,0.4773600908801967,13,0,0
2026-03-19 18:30:27.164800+00:00,746449,2024-07-14,Detroit Tigers,Los Angeles Dodgers,4.774037003475187,4.361417700227056,9.135454703702244,0.4126193032481309,0.4871761850937424,0.4871761850937424,4,3,True,0.4871761850937424,7,1,0
2026-03-19 18:30:30.640395+00:00,744990,2024-07-19,Texas Rangers,Baltimore Orioles,3.581214858130414,3.2564064227980656,6.837621280928479,0.3248084353323484,0.4712510405205953,0.4712510405205953,1,9,False,0.4712510405205953,10,0,0
2026-03-19 18:30:30.640395+00:00,745481,2024-07-19,Pittsburgh Pirates,Philadelphia Phillies,4.08836945655208,3.756729862600643,7.845099319152723,0.33163959395143694,0.47439559311520585,0.47439559311520585,8,7,True,0.47439559311520585,15,1,0
2026-03-19 18:30:30.640395+00:00,746854,2024-07-19,Chicago Cubs,Arizona Diamondbacks,4.014640954257604,3.8881862809906256,7.902827235248229,0.126454673266978,0.4455456472544501,0.4455456472544501,2,5,False,0.4455456472544501,7,0,0
2026-03-19 18:30:32.074556+00:00,745229,2024-07-20,Seattle Mariners,Houston Astros,4.258546432083705,4.048201966961256,8.30674839904496,0.2103444651224491,0.4584873070822666,0.4584873070822666,2,4,False,0.4584873070822666,6,0,0
2026-03-19 18:30:32.074556+00:00,745720,2024-07-20,New York Yankees,Tampa Bay Rays,3.9215830177321562,3.5858408290008326,7.507423846732989,0.33574218873132367,0.4743400972985474,0.4743400972985474,1,9,False,0.4743400972985474,10,0,0
2026-03-19 18:30:32.074556+00:00,746527,2024-07-20,Colorado Rockies,San Francisco Giants,4.169566819108304,3.7028231527336177,7.872389971841923,0.46674366637468667,0.4936332603980289,0.4936332603980289,4,3,True,0.4936332603980289,7,1,0
2026-03-19 18:30:32.074556+00:00,746852,2024-07-20,Chicago Cubs,Arizona Diamondbacks,4.3157826755043445,4.079543429552812,8.395326105057157,0.23623924595153234,0.4622698154245001,0.4622698154245001,0,3,False,0.4622698154245001,3,0,0
2026-03-19 18:30:33.503024+00:00,744991,2024-07-21,Texas Rangers,Baltimore Orioles,3.526579455974507,3.398230972550001,6.924810428524507,0.1283484834245061,0.4418716725741544,0.4418716725741544,3,2,True,0.4418716725741544,5,1,0
2026-03-19 18:30:33.503024+00:00,745230,2024-07-21,Seattle Mariners,Houston Astros,4.149599394044,3.7596625437104603,7.909261937754461,0.3899368503335401,0.48276894305426477,0.48276894305426477,6,4,True,0.48276894305426477,10,1,0
2026-03-19 18:30:33.503024+00:00,746853,2024-07-21,Chicago Cubs,Arizona Diamondbacks,4.264204649047338,3.8967461230254057,8.160950772072743,0.3674585260219323,0.47995544880829255,0.47995544880829255,2,1,True,0.47995544880829255,3,1,0
2026-03-19 18:30:36.442743+00:00,744828,2024-07-23,Washington Nationals,San Diego Padres,5.649827677749693,5.332688533398458,10.982516211148152,0.317139144351235,0.4770334457206018,0.4770334457206018,0,4,False,0.4770334457206018,4,0,0
2026-03-19 18:30:36.442743+00:00,745475,2024-07-23,Pittsburgh Pirates,St. Louis Cardinals,4.44351500022352,4.0186581363830065,8.462173136606527,0.4248568638405139,0.4882371030848589,0.4882371030848589,1,2,False,0.4882371030848589,3,0,0
2026-03-19 18:30:37.856263+00:00,746035,2024-07-24,Miami Marlins,Baltimore Orioles,2.7686500987001668,2.584076696107913,5.3527267948080794,0.18457340259225363,0.4427751999977757,0.4427751999977757,6,3,True,0.4427751999977757,9,1,0
2026-03-19 18:30:37.856263+00:00,746119,2024-07-24,Los Angeles Dodgers,San Francisco Giants,2.7363661462719686,2.2228162477086832,4.959182393980652,0.5135498985632854,0.4989328337081518,0.4989328337081518,3,8,False,0.4989328337081518,11,0,0
2026-03-19 18:30:39.278991+00:00,745794,2024-07-25,New York Mets,Atlanta Braves,3.503755929857171,3.4913370800470194,6.99509300990419,0.012418849810151844,0.4249425789947281,0.4249425789947281,3,2,True,0.4249425789947281,5,1,0
2026-03-19 18:30:39.278991+00:00,746199,2024-07-25,Los Angeles Angels,Athletics,3.2058442704737677,2.7599906898384114,5.965834960312179,0.4458535806353563,0.48859363827877356,0.48859363827877356,5,6,False,0.48859363827877356,11,0,0
2026-03-19 21:14:22.958518+00:00,745966,2024-07-27,Milwaukee Brewers,Miami Marlins,4.75636626211665,4.19060496846013,8.94697123057678,0.5657612936565197,0.4810332812461142,0.4810332812461142,3,7,False,0.4810332812461142,10,0,0
2026-03-19 21:14:24.492425+00:00,746929,2024-07-28,Boston Red Sox,New York Yankees,4.491429562028384,4.033432401057558,8.524861963085943,0.45799716097082577,0.47094630761725054,0.47094630761725054,2,8,False,0.47094630761725054,10,0,0
2026-03-19 21:14:26.079167+00:00,745791,2024-07-29,New York Mets,Minnesota Twins,4.168953973793528,3.4893643517354302,7.658318325528958,0.6795896220580975,0.489889990317283,0.489889990317283,15,2,True,0.489889990317283,17,1,0
2026-03-19 21:14:26.079167+00:00,746928,2024-07-29,Boston Red Sox,Seattle Mariners,4.32594439869274,3.9820458296986456,8.307990228391386,0.3438985689940943,0.46030621389762316,0.46030621389762316,14,7,True,0.46030621389762316,21,1,0
2026-03-19 21:14:27.630968+00:00,745787,2024-07-30,New York Mets,Minnesota Twins,3.992354050285138,3.9728585066626123,7.96521255694775,0.0194955436225257,0.42988508855194685,0.42988508855194685,2,0,True,0.42988508855194685,2,1,0
2026-03-19 21:14:29.283470+00:00,745061,2024-07-31,Tampa Bay Rays,Miami Marlins,3.549928685562159,3.0388573549301428,6.588786040492302,0.5110713306320163,0.47177119312746707,0.47177119312746707,2,6,False,0.47177119312746707,8,0,0
2026-03-19 21:14:30.805399+00:00,746849,2024-08-01,Chicago Cubs,St. Louis Cardinals,2.8057608680521375,2.1746198218516444,4.980380689903782,0.6311410462004932,0.48050566439615683,0.48050566439615683,5,4,True,0.48050566439615683,9,1,0
2026-03-19 21:14:32.391586+00:00,745875,2024-08-02,Minnesota Twins,Chicago White Sox,3.702310612917345,2.964486142378,6.666796755295345,0.7378244705393451,0.4947050986942183,0.4947050986942183,10,2,True,0.4947050986942183,12,1,0
2026-03-19 21:14:33.968033+00:00,745636,2024-08-03,Athletics,Los Angeles Dodgers,2.3862539174479114,1.6758485994027503,4.062102516850661,0.710405318045161,0.4875124901971457,0.4875124901971457,0,10,False,0.4875124901971457,10,0,0
2026-03-19 21:14:33.968033+00:00,745876,2024-08-03,Minnesota Twins,Chicago White Sox,3.7126722546331514,3.4786818990628903,7.191354153696041,0.23399035557026115,0.44652802023413507,0.44652802023413507,6,2,True,0.44652802023413507,8,1,0
2026-03-19 21:14:33.968033+00:00,746194,2024-08-03,Los Angeles Angels,New York Mets,2.9301841414660275,2.455916943048239,5.386101084514266,0.47426719841778864,0.4640734920395757,0.4640734920395757,5,4,True,0.4640734920395757,9,1,0
2026-03-19 21:14:35.513358+00:00,745627,2024-08-04,Athletics,Los Angeles Dodgers,2.879353593537995,2.875072088464677,5.7544256820026725,0.004281505073317593,0.4152697449195868,0.4152697449195868,2,3,False,0.4152697449195868,5,0,0
2026-03-19 21:14:35.513358+00:00,746680,2024-08-04,Cincinnati Reds,San Francisco Giants,3.850789797664718,3.0659358381439006,6.916725635808619,0.7848539595208175,0.49952239523613295,0.49952239523613295,2,8,False,0.49952239523613295,10,0,0
2026-03-19 21:14:38.396972+00:00,744901,2024-08-06,Toronto Blue Jays,Baltimore Orioles,4.281740723635969,3.591912093428432,7.873652817064401,0.6898286302075372,0.4910254655353945,0.4910254655353945,5,2,True,0.4910254655353945,7,1,0
2026-03-19 21:14:39.918240+00:00,746602,2024-08-07,Cleveland Guardians,Arizona Diamondbacks,3.3460880068659717,2.7071236408342214,6.053211647700193,0.6389643660317503,0.48377355339404504,0.48377355339404504,3,5,False,0.48377355339404504,8,0,0
2026-03-19 21:14:39.918240+00:00,746604,2024-08-07,Cleveland Guardians,Arizona Diamondbacks,3.3400145973204274,2.576438763352655,5.916453360673082,0.7635758339677725,0.49679461704548555,0.49679461704548555,3,7,False,0.49679461704548555,10,0,0
2026-03-19 21:14:41.514841+00:00,745226,2024-08-08,Seattle Mariners,Detroit Tigers,4.219399299820026,3.4891708393658702,7.7085701391858965,0.7302284604541556,0.4946628133459433,0.4946628133459433,4,3,True,0.4946628133459433,7,1,0
2026-03-19 21:14:42.983694+00:00,747168,2024-08-09,Arizona Diamondbacks,Philadelphia Phillies,3.779742471581558,3.6047774766142036,7.384519948195761,0.1749649949673544,0.44170377741455347,0.44170377741455347,3,2,True,0.44170377741455347,5,1,0
2026-03-19 21:14:44.429455+00:00,744897,2024-08-10,Toronto Blue Jays,Athletics,3.084366918025108,2.3633288307578364,5.4476957487829445,0.7210380872672717,0.49166505823899076,0.49166505823899076,0,1,False,0.49166505823899076,1,0,0
2026-03-19 21:14:44.429455+00:00,746112,2024-08-10,Los Angeles Dodgers,Pittsburgh Pirates,3.210082350456893,2.787117964790732,5.997200315247625,0.4229643856661611,0.460872137284972,0.460872137284972,4,1,True,0.460872137284972,5,1,0
2026-03-19 21:14:44.429455+00:00,747164,2024-08-10,Arizona Diamondbacks,Philadelphia Phillies,4.4576625286241,3.7428370098260237,8.200499538450124,0.7148255187980763,0.4935385621932332,0.4935385621932332,11,1,True,0.4935385621932332,12,1,0
2026-03-19 21:14:47.353074+00:00,745874,2024-08-12,Minnesota Twins,Kansas City Royals,2.9631018389703625,2.9081777516264014,5.871279590596764,0.05492408734396115,0.42147124053267426,0.42147124053267426,8,3,True,0.42147124053267426,11,1,0
2026-03-19 21:14:48.775606+00:00,745954,2024-08-13,Milwaukee Brewers,Los Angeles Dodgers,3.636840801941712,3.1087096045353224,6.745550406477035,0.5281311974063896,0.47385457340369685,0.47385457340369685,2,7,False,0.47385457340369685,9,0,0
2026-03-19 21:14:50.286984+00:00,745790,2024-08-14,New York Mets,Athletics,4.083167246415168,4.02351601033722,8.106683256752387,0.05965123607794798,0.43412744526667113,0.43412744526667113,9,1,True,0.43412744526667113,10,1,0
2026-03-19 21:14:50.286984+00:00,746598,2024-08-14,Cleveland Guardians,Chicago Cubs,3.3590004739519443,2.717727249481708,6.0767277234336525,0.6412732244702362,0.48405848160180476,0.48405848160180476,6,1,True,0.48405848160180476,7,1,0
2026-03-19 21:14:51.838585+00:00,745545,2024-08-15,Philadelphia Phillies,Washington Nationals,3.9035288453947152,3.3072281447486587,7.2107569901433735,0.5963007006460566,0.4814251453796793,0.4814251453796793,13,3,True,0.4814251453796793,16,1,0
2026-03-19 21:14:53.292546+00:00,745462,2024-08-16,Pittsburgh Pirates,Seattle Mariners,3.9626666519452325,3.1802371058209884,7.142903757766221,0.7824295461242441,0.49936469193961264,0.49936469193961264,5,3,True,0.49936469193961264,8,1,0
2026-03-19 21:14:54.733296+00:00,745785,2024-08-17,New York Mets,Miami Marlins,3.3486295361259635,2.6500310425880804,5.998660578714044,0.6985984935378831,0.489981174180659,0.489981174180659,4,0,True,0.489981174180659,4,1,0
2026-03-19 21:14:56.212637+00:00,745464,2024-08-18,Pittsburgh Pirates,Seattle Mariners,2.9644900674499284,2.748520218174844,5.713010285624772,0.21596984927508434,0.43751373961049134,0.43751373961049134,3,10,False,0.43751373961049134,13,0,0
2026-03-19 21:14:56.212637+00:00,745539,2024-08-18,Philadelphia Phillies,Washington Nationals,4.066188679138407,3.5135263491650863,7.579715028303493,0.5526623299733209,0.4778771120269534,0.4778771120269534,4,6,False,0.4778771120269534,10,0,0
2026-03-19 21:14:56.212637+00:00,745786,2024-08-18,New York Mets,Miami Marlins,3.0174586342405996,2.8368241094066233,5.854282743647223,0.18063452483397624,0.434601104013003,0.434601104013003,2,3,False,0.434601104013003,5,0,0
2026-03-19 21:14:56.212637+00:00,746516,2024-08-18,Colorado Rockies,San Diego Padres,4.375627063070194,3.6513375964379517,8.026964659508145,0.7242894666322424,0.4942983699279624,0.4942983699279624,3,2,True,0.4942983699279624,5,1,0
2026-03-19 21:14:57.980406+00:00,744976,2024-08-19,Texas Rangers,Pittsburgh Pirates,3.5039845479437175,2.9104959893488886,6.414480537292606,0.5934885585948289,0.47974181433362584,0.47974181433362584,4,3,True,0.47974181433362584,7,1,0
2026-03-19 21:14:57.980406+00:00,746027,2024-08-19,Miami Marlins,Arizona Diamondbacks,3.326639279619643,2.7844565093139266,6.11109578893357,0.5421827703057165,0.4737455506118703,0.4737455506118703,6,9,False,0.4737455506118703,15,0,0
2026-03-19 21:14:57.980406+00:00,746270,2024-08-19,Kansas City Royals,Los Angeles Angels,2.4204969984798614,1.691402622494004,4.111899620973865,0.7290943759858575,0.4900487014838997,0.4900487014838997,5,3,True,0.4900487014838997,8,1,0
2026-03-19 21:14:59.693149+00:00,746107,2024-08-20,Los Angeles Dodgers,Seattle Mariners,3.983934789496693,3.5439386646139677,7.527873454110661,0.4399961248827253,0.46716947268010667,0.46716947268010667,6,3,True,0.46716947268010667,9,1,0
2026-03-19 21:14:59.693149+00:00,746266,2024-08-20,Kansas City Royals,Los Angeles Angels,3.0386982816697805,2.3157310795442485,5.354429361214029,0.722967202125532,0.49174765992889813,0.49174765992889813,5,9,False,0.49174765992889813,14,0,0
2026-03-19 21:15:01.182871+00:00,744893,2024-08-21,Toronto Blue Jays,Cincinnati Reds,3.8338163892385406,3.2061684183430663,7.039984807581607,0.6276479708954743,0.4842097546157511,0.4842097546157511,7,11,False,0.4842097546157511,18,0,0
2026-03-19 21:15:01.182871+00:00,745138,2024-08-21,St. Louis Cardinals,Milwaukee Brewers,2.5782529024698455,2.2865568386727397,4.864809741142585,0.2916960637971058,0.44052299891769575,0.44052299891769575,10,6,True,0.44052299891769575,16,1,0
2026-03-19 21:15:02.688129+00:00,744815,2024-08-22,Washington Nationals,Colorado Rockies,3.347751947840545,2.642822871791954,5.990574819632499,0.7049290760485909,0.4906407186533116,0.4906407186533116,8,3,True,0.4906407186533116,11,1,0
2026-03-19 21:15:02.688129+00:00,745379,2024-08-22,San Diego Padres,New York Mets,3.884928626806333,3.235137531255229,7.120066158061562,0.6497910955511039,0.4864726802080688,0.4864726802080688,3,8,False,0.4864726802080688,11,0,0
2026-03-19 21:15:02.688129+00:00,746836,2024-08-22,Chicago Cubs,Detroit Tigers,4.832269882778968,4.329098836030003,9.161368718808971,0.5031710467489656,0.4759363337271725,0.4759363337271725,10,2,True,0.4759363337271725,12,1,0
2026-03-19 21:15:02.688129+00:00,747082,2024-08-22,Atlanta Braves,Philadelphia Phillies,3.4138773065063748,2.761355551820148,6.175232858326522,0.652521754686227,0.48540297053809556,0.48540297053809556,3,2,True,0.48540297053809556,5,1,0
2026-03-19 21:15:04.237624+00:00,745625,2024-08-23,Athletics,Milwaukee Brewers,3.1240987486730925,2.9735691776197064,6.097667926292798,0.15052957105338605,0.43290350623592855,0.43290350623592855,3,11,False,0.43290350623592855,14,0,0
2026-03-19 21:15:04.237624+00:00,745702,2024-08-23,New York Yankees,Colorado Rockies,3.1895082159246075,2.7068066733607012,5.896314889285309,0.4827015425639063,0.4668391962460334,0.4668391962460334,3,0,True,0.4668391962460334,3,1,0
2026-03-19 21:15:04.237624+00:00,746758,2024-08-23,Chicago White Sox,Detroit Tigers,4.212513285035363,4.121886413471656,8.334399698507019,0.09062687156370686,0.43781692164805786,0.43781692164805786,2,5,False,0.43781692164805786,7,0,0
2026-03-19 21:15:05.746266+00:00,745868,2024-08-24,Minnesota Twins,St. Louis Cardinals,2.360876549641081,2.290770460923986,4.651647010565067,0.070106088717095,0.41282562532497136,0.41282562532497136,6,0,True,0.41282562532497136,6,1,0
2026-03-19 21:15:05.746266+00:00,746917,2024-08-24,Boston Red Sox,Arizona Diamondbacks,3.4994687316831894,3.143729717786239,6.643198449469429,0.3557390138969505,0.4563509852475611,0.4563509852475611,1,4,False,0.4563509852475611,5,0,0
2026-03-04 21:01:40.283185+00:00,744801,2024-09-15,Washington Nationals,Miami Marlins,3.4642248380746152,4.059128770695944,7.5233536087705595,-0.5949039326213286,0.5120392939064249,0.5120392939064249,4,3,True,0.5120392939064249,7,1,1
2026-03-04 21:01:40.283185+00:00,744883,2024-09-15,Toronto Blue Jays,St. Louis Cardinals,2.7553683917713503,4.252855154091306,7.0082235458626565,-1.497486762319956,0.6455437663369423,0.6455437663369423,3,2,True,0.6455437663369423,5,1,1
2026-03-04 21:01:40.283185+00:00,745206,2024-09-15,Seattle Mariners,Texas Rangers,4.466116074467991,5.041920602999248,9.508036677467238,-0.5758045285312567,0.5085919016687007,0.5085919016687007,7,0,True,0.5085919016687007,7,1,1
2026-03-04 21:01:40.283185+00:00,745287,2024-09-15,San Francisco Giants,San Diego Padres,3.4865367134898664,2.9218321975252395,6.408368911015106,0.5647045159646269,0.3347342437269899,0.3347342437269899,3,4,False,0.3347342437269899,7,0,0
2026-03-04 21:01:40.283185+00:00,745449,2024-09-15,Pittsburgh Pirates,Kansas City Royals,3.6102485826875075,3.402007659803209,7.012256242490716,0.2082409228842983,0.3926515448532284,0.3926515448532284,4,3,True,0.3926515448532284,7,1,0
2026-03-04 21:01:40.283185+00:00,745530,2024-09-15,Philadelphia Phillies,New York Mets,3.1496573499641265,5.3386897377653435,8.488347087729469,-2.189032387801217,0.7190516425214198,0.7190516425214198,2,1,True,0.7190516425214198,3,1,1
2026-03-04 21:01:40.283185+00:00,745693,2024-09-15,New York Yankees,Boston Red Sox,3.614839022596315,3.1816517818639665,6.796490804460282,0.4331872407323485,0.35815183443843224,0.35815183443843224,5,2,True,0.35815183443843224,7,1,0
2026-03-04 21:01:40.283185+00:00,745852,2024-09-15,Minnesota Twins,Cincinnati Reds,3.2277562705471547,3.9553734645841896,7.183129735131344,-0.7276171940370348,0.5319584447289717,0.5319584447289717,9,2,True,0.5319584447289717,11,1,1
2026-03-04 21:01:40.283185+00:00,746180,2024-09-15,Los Angeles Angels,Houston Astros,3.2848296028989648,4.304195736842064,7.5890253397410286,-1.019366133943099,0.5731449425158763,0.5731449425158763,4,6,False,0.5731449425158763,10,0,1
2026-03-04 21:01:40.283185+00:00,746419,2024-09-15,Detroit Tigers,Baltimore Orioles,4.9962201069687495,4.59620324583692,9.59242335280567,0.40001686113182977,0.38450077679753825,0.38450077679753825,4,2,True,0.38450077679753825,6,1,0
2026-03-04 21:01:40.283185+00:00,746506,2024-09-15,Colorado Rockies,Chicago Cubs,5.155045658332022,3.193962913364356,8.349008571696379,1.961082744967666,0.19418545049332037,0.19418545049332037,2,6,False,0.19418545049332037,8,0,0
2026-03-04 21:01:40.283185+00:00,746741,2024-09-15,Chicago White Sox,Athletics,4.5271323673162485,3.1619925635108936,7.689124930827142,1.3651398038053548,0.24818230624841497,0.24818230624841497,4,3,True,0.24818230624841497,7,1,0
2026-03-04 21:01:40.283185+00:00,747071,2024-09-15,Atlanta Braves,Los Angeles Dodgers,2.74612694519539,4.066643812984355,6.812770758179745,-1.3205168677889656,0.6217594941331415,0.6217594941331415,2,9,False,0.6217594941331415,11,0,1
2026-03-04 21:01:40.283185+00:00,747151,2024-09-15,Arizona Diamondbacks,Milwaukee Brewers,2.485224532626603,3.284384962151787,5.76960949477839,-0.799160429525184,0.5468980795293968,0.5468980795293968,11,10,True,0.5468980795293968,21,1,1
